Metric,Value
design__lint_error__count,0
design__lint_timing_construct__count,0
design__lint_warning__count,11
design__inferred_latch__count,0
design__instance__count,86988
design__instance__area,839853
design__instance_unmapped__count,0
synthesis__check_error__count,0
design__max_slew_violation__count__corner:nom_tt_025C_3v30,0
design__max_fanout_violation__count__corner:nom_tt_025C_3v30,0
design__max_cap_violation__count__corner:nom_tt_025C_3v30,0
power__internal__total,0.013822720386087894
power__switching__total,0.004281535744667053
power__leakage__total,0.0000034521269753895467
power__total,0.018107706680893898
clock__skew__worst_hold__corner:nom_tt_025C_3v30,-0.8464384432940807
clock__skew__worst_setup__corner:nom_tt_025C_3v30,0.8730607039991012
timing__hold__ws__corner:nom_tt_025C_3v30,0.2795559418638358
timing__setup__ws__corner:nom_tt_025C_3v30,36.855980643927154
timing__hold__tns__corner:nom_tt_025C_3v30,0.0
timing__setup__tns__corner:nom_tt_025C_3v30,0.0
timing__hold__wns__corner:nom_tt_025C_3v30,0
timing__setup__wns__corner:nom_tt_025C_3v30,0.0
timing__hold_vio__count__corner:nom_tt_025C_3v30,0
timing__hold_r2r__ws__corner:nom_tt_025C_3v30,0.445539
timing__hold_r2r_vio__count__corner:nom_tt_025C_3v30,0
timing__setup_vio__count__corner:nom_tt_025C_3v30,0
timing__setup_r2r__ws__corner:nom_tt_025C_3v30,36.855980
timing__setup_r2r_vio__count__corner:nom_tt_025C_3v30,0
design__max_slew_violation__count__corner:max_ss_125C_3v00,318
design__max_fanout_violation__count__corner:max_ss_125C_3v00,0
design__max_cap_violation__count__corner:max_ss_125C_3v00,0
clock__skew__worst_hold__corner:max_ss_125C_3v00,-1.2319057234107962
clock__skew__worst_setup__corner:max_ss_125C_3v00,1.2846750693528588
timing__hold__ws__corner:max_ss_125C_3v00,0.48055427664027406
timing__setup__ws__corner:max_ss_125C_3v00,11.118917656865358
timing__hold__tns__corner:max_ss_125C_3v00,0.0
timing__setup__tns__corner:max_ss_125C_3v00,0.0
timing__hold__wns__corner:max_ss_125C_3v00,0
timing__setup__wns__corner:max_ss_125C_3v00,0.0
timing__hold_vio__count__corner:max_ss_125C_3v00,0
timing__hold_r2r__ws__corner:max_ss_125C_3v00,1.402327
timing__hold_r2r_vio__count__corner:max_ss_125C_3v00,0
timing__setup_vio__count__corner:max_ss_125C_3v00,0
timing__setup_r2r__ws__corner:max_ss_125C_3v00,11.118917
timing__setup_r2r_vio__count__corner:max_ss_125C_3v00,0
design__max_slew_violation__count__corner:min_ff_n40C_3v60,0
design__max_fanout_violation__count__corner:min_ff_n40C_3v60,0
design__max_cap_violation__count__corner:min_ff_n40C_3v60,0
clock__skew__worst_hold__corner:min_ff_n40C_3v60,-0.6887645648774942
clock__skew__worst_setup__corner:min_ff_n40C_3v60,0.7042692739440973
timing__hold__ws__corner:min_ff_n40C_3v60,0.013415047230554138
timing__setup__ws__corner:min_ff_n40C_3v60,47.593475396735435
timing__hold__tns__corner:min_ff_n40C_3v60,0.0
timing__setup__tns__corner:min_ff_n40C_3v60,0.0
timing__hold__wns__corner:min_ff_n40C_3v60,0
timing__setup__wns__corner:min_ff_n40C_3v60,0.0
timing__hold_vio__count__corner:min_ff_n40C_3v60,0
timing__hold_r2r__ws__corner:min_ff_n40C_3v60,0.013415
timing__hold_r2r_vio__count__corner:min_ff_n40C_3v60,0
timing__setup_vio__count__corner:min_ff_n40C_3v60,0
timing__setup_r2r__ws__corner:min_ff_n40C_3v60,47.593475
timing__setup_r2r_vio__count__corner:min_ff_n40C_3v60,0
design__max_slew_violation__count,318
design__max_fanout_violation__count,0
design__max_cap_violation__count,0
clock__skew__worst_hold,-0.6887645648774942
clock__skew__worst_setup,0.7042692739440973
timing__hold__ws,0.013415047230554138
timing__setup__ws,11.118917656865358
timing__hold__tns,0.0
timing__setup__tns,0.0
timing__hold__wns,0
timing__setup__wns,0.0
timing__hold_vio__count,0
timing__hold_r2r__ws,0.013415
timing__hold_r2r_vio__count,0
timing__setup_vio__count,0
timing__setup_r2r__ws,11.118917
timing__setup_r2r_vio__count,0
design__die__bbox,0.0 0.0 960.0 960.0
design__core__bbox,20.16 23.52 939.68 936.88
design__io,8
design__die__area,921600
design__core__area,839853
design__instance__count__stdcell,36510
design__instance__area__stdcell,545536
design__instance__count__macros,0
design__instance__area__macros,0
design__instance__count__padcells,0
design__instance__area__padcells,0
design__instance__count__cover,0
design__instance__area__cover,0
design__instance__utilization,0.649561
design__instance__utilization__stdcell,0.649561
design__rows,233
design__rows:GF018hv5v_mcu_sc7,233
design__sites,382586
design__sites:GF018hv5v_mcu_sc7,382586
design__instance__count__class:tie_cell,2
design__instance__area__class:tie_cell,17.5616
design__instance__count__class:inverter,513
design__instance__area__class:inverter,4522.11
design__instance__count__class:sequential_cell,2585
design__instance__area__class:sequential_cell,193011
design__instance__count__class:multi_input_combinational_cell,7883
design__instance__area__class:multi_input_combinational_cell,172606
flow__warnings__count,1
flow__errors__count,0
flow__warnings__count:IFP-0028,1
flow__warnings__count:ODB-0220,1
flow__warnings__type_count,1
flow__warnings__count:ORD-0039,1
design__instance__count__class:endcap_cell,466
design__instance__area__class:endcap_cell,2045.93
design__instance__count__class:tap_cell,5409
design__instance__area__class:tap_cell,23747.7
design__power_grid_violation__count__net:VDD,0
design__power_grid_violation__count__net:VSS,0
design__power_grid_violation__count,0
flow__warnings__count:GPL-0302,1
flow__warnings__count:GRT-0281,2
timing__drv__floating__nets,2
timing__drv__floating__pins,0
design__instance__displacement__total,17418.2
design__instance__displacement__mean,0.477
design__instance__displacement__max,48.72
route__wirelength__estimated,950614
design__violations,0
design__instance__count__class:timing_repair_buffer,4674
design__instance__area__class:timing_repair_buffer,71730.4
flow__warnings__count:RSZ-0020,1
flow__warnings__count:RSZ-0065,1
design__instance__count__class:clock_buffer,371
design__instance__area__class:clock_buffer,11138.4
design__instance__count__class:clock_inverter,175
design__instance__area__class:clock_inverter,3354.27
design__instance__count__setup_buffer,0
design__instance__count__hold_buffer,10
global_route__vias,149504
global_route__wirelength,1524331
antenna__violating__nets,0
antenna__violating__pins,0
route__antenna_violation__count,0
design__instance__count__class:antenna_cell,14432
design__instance__area__class:antenna_cell,63362.3
antenna_diodes_count,0
route__net,16012
route__net__special,2
route__drc_errors__iter:0,5875
route__wirelength__iter:0,1070659
route__drc_errors__iter:1,1648
route__wirelength__iter:1,1065421
route__drc_errors__iter:2,1396
route__wirelength__iter:2,1063525
route__drc_errors__iter:3,15
route__wirelength__iter:3,1061727
route__drc_errors__iter:4,0
route__wirelength__iter:4,1061724
route__drc_errors,0
route__wirelength,1061724
route__vias,139370
route__vias__singlecut,139370
route__vias__multicut,0
flow__warnings__count:DRT-0349,8
design__disconnected_pin__count,0
design__critical_disconnected_pin__count,0
route__wirelength__max,1463.31
design__instance__count__class:fill_cell,50478
design__instance__area__class:fill_cell,294317
timing__unannotated_net__count__corner:nom_tt_025C_3v30,196
timing__unannotated_net_filtered__count__corner:nom_tt_025C_3v30,0
timing__unannotated_net__count__corner:max_ss_125C_3v00,196
timing__unannotated_net_filtered__count__corner:max_ss_125C_3v00,0
timing__unannotated_net__count__corner:min_ff_n40C_3v60,196
timing__unannotated_net_filtered__count__corner:min_ff_n40C_3v60,0
timing__unannotated_net__count,196
timing__unannotated_net_filtered__count,0
design_powergrid__voltage__worst__net:VDD__corner:max_ss_125C_3v00,2.99991
design_powergrid__drop__average__net:VDD__corner:max_ss_125C_3v00,2.99997
design_powergrid__drop__worst__net:VDD__corner:max_ss_125C_3v00,0.0000879219
design_powergrid__voltage__worst__net:VSS__corner:max_ss_125C_3v00,0.000106788
design_powergrid__drop__average__net:VSS__corner:max_ss_125C_3v00,0.000029791
design_powergrid__drop__worst__net:VSS__corner:max_ss_125C_3v00,0.000106788
design_powergrid__voltage__worst,0.000106788
design_powergrid__voltage__worst__net:VDD,2.99991
design_powergrid__drop__worst,0.000106788
design_powergrid__drop__worst__net:VDD,0.0000879219
design_powergrid__voltage__worst__net:VSS,0.000106788
design_powergrid__drop__worst__net:VSS,0.000106788
ir__voltage__worst,3
ir__drop__avg,0.000028399999999999999138362849482319916205597110092639923095703125
ir__drop__worst,0.00008789999999999999528120520064788934178068302571773529052734375
design__xor_difference__count,0
magic__drc_error__count,0
magic__illegal_overlap__count,0
design__lvs_device_difference__count,0
design__lvs_net_difference__count,0
design__lvs_property_fail__count,0
design__lvs_error__count,0
design__lvs_unmatched_device__count,0
design__lvs_unmatched_net__count,0
design__lvs_unmatched_pin__count,0
